Puesto	User 1	Nombre 1	Asistencia	User 2	Nombre 2	Asistencia
**B23 01-A**	npcariman	Nawel Cariman	T			
**B23 01-B/C**	tnmarin	Tomas Marin	T	Sgwa	Sebastian Grez	T
**B23 01-D/E**	difischer	Diego Fischer	T	vureyes	Vicente Reyes	T
**B23 01-F/G**	srvasquez	Sebastian Vasquez	T	Fhgajardo	Felipe Gajardo	T
**B23 01-H/I**	nrfreudenberg	Nicolas Freudenberg	T	mrdelanghe	Martin Delanghe	T
**B23 02-A/B**	Dalal15	Dalal Chahuan	T	cmgainza	Constanza Gainza	T
**B23 02-C/D**	glbello	Gonzalo Bello	T	gebalassa	Gabriel Balassa	T
**B23 02-E/F**	smargozzini	Sebastian Margozzini	T	mlbisso	Mauro Bisso	T
**B23 02-G/H**	tibrahm	Thomas Brahm	T	bvfernandez	Bernardita Fernandez	
**B23 03-A/B**	benjamin22016	Benjamin Alvarez		franciscoalessandri	Francisco Alessandri	T
**B23 03-C/D**	Skablop	Benjamin Pizarro	T	vacodoceo	Verner Codoceo	T
**B23 03-E/F**	Riarrieta	Rodrigo Arrieta	T	Muiturriaga	Marcelo Iturriaga	T
**B23 03-G/H**	npinochet	Nicolas Pinochet	T	Gonzalo-Perez	Gonzalo Perez	T
**B23 04-A/B**	TomasFuentes	Tomas Fuentes	T	CrescenteUC	Crescente Joglar	
**B23 04-C/D**	Genaron	Genaro Laymuns		bvantellic	Bruno Vantelli	
**B23 04-E/F**	ndleyton	Nicolas Leyton	T	Amanriquez11	Andres Manriquez	
**B23 04-G/H**	abannura	Andres Bannura	T	Zekayrus	Diego Alvarez	T
**B23 05-A/B**	FJavierOss	Francisco Ossandon	T	fipaniagua	Francisco Paniagua	T
**B23 05-C/D**	cameneses	Cesar Meneses	T	danyestay	Daniel Estay	T
**B23 05-E/F**	tafuenza	Tomas Fuenzalida		jpflores1	Juan Flores	T
**B23 05-G/H**	The-Big-Lebowski	Javier Rabba	T	dagalloso	Daniel Galloso	T
**B23 06-A/B**	dnalfaro	Diego Alfaro		fnmendez	Franco Mendez	T
**B23 06-C/D**	lareyes2	Lesly Reyes	T	mraddatz	Martin Raddatz	T
**B23 06-E/F**	jmcomber	Jose Comber	T	pinavarrete	Patricio Navarrete	T
**B23 06-G/H**	sfga	Simon Garces	T	fabraghetto	Franco Braghetto	T
**B23 07-A/B**	aiquinones	Alejandro Quiã‘Ones	T	alainrochette	Alain Rochette	T
**B23 07-C/D**	ireyes96	Jose Reyes	T	cretos032	Eduardo Molina	
**B23 07-E/F**	pggodoy	Pablo Godoy		pasilva11	Patricia Silva	T
**B23 07-G/H**	ofvera	Octavio Vera	T	sguerra2	Sebastian Guerra	T
**B23 08-A/B**	jabugmann	Joaquin Bugmann	T	roy350	Rodrigo Cortes	T
**B23 08-C/D**	martinvidal	Martin Vidal		Mahund	Michael Hund	T
**B23 08-E/F**	joseluishaddad	Jose Haddad	T	swidemann	Steffan Widemann	T
**B23 08-G/H**	rolfskog	Rolf Skog	T	rorufuuu	Rolf Sommer	
**B23 09-A/B**	Micostabal	Martin Costabal	T	Tomizaky	Tomas Verdugo	T
**B23 09-C/D**	fivargas	Felipe Vargas	T	Deinis210	Daniela Risso	T
**B23 09-E/F**	fernddevidts	Fernanda Delgado	T	DiegoAndai	Diego Andai	T
**B23 09-G/H**	sebacruzd	Sebastian Cruz	T	HenryBlairG	Henry Blair	T
**B23 10-A/B**	ijlabarca	Ignacio Labarca		PaulinaAraya	Paulina Araya	T
**B24 01-A/B**	rodrigozs	Rodrigo Zapata		dfvasquez	Daniela Vasquez	T
**B24 01-C/D**	CheloRiveros	Marcelo Riveros	T	kpribbeck	Klaus Ribbeck	T
**B24 01-E/F**	adisrael	Alexander Israel	T	sschwarzenberg	Sofia Schwarzenberg	T
**B24 01-G/H**	domingo-valdes	Domingo Valdes	T	lfbesa	Luis Besa	T
**B24 02-A/B**	Regenschrim	Marcelo Escudero		neberrios	Nicolas Berrios	T
**B24 02-C/D**	JaimeGo	Jaime Gonzalez	T	cjgazali	Cristobal Gazali	T
**B24 02-E/F**	mccastroo	Matias Castro		Seba-F	Sebastian Felbol	T
**B24 02-G/H**	hanavarrete	Hugo Navarrete	T	ricardor4	Ricardo Rodriguez	T
**B24 03-A/B**	sialvarez	Sebastian Alvarez	T	mvial	Manuel Vial	T
**B24 03-C/D**	fleon23	Felipe Leon	T	jtvigneaux	Jose Vigneaux	T
**B24 03-E/F**	Snorlax8	Cindy Tarud	T	entamburini	Enzo Tamburini	T
**B24 03-G/H**	nissimergas	Nissim Ergas	T	nicovsj	Nicolas Van Sint Jan	T
**B24 04-A/B**	vmcasas	Victor Casas	T	NachoCasta	Ignacio Castaã‘Eda	T
**B24 04-C/D**	IgnacioTobar	Ignacio Tobar	T	nborquezg	Nicolas Borquez	T
**B24 04-E/F**	svrivera	Sebastian Rivera	T	sormazabal	Sofia Ormazabal	T
**B24 04-G/H**	frvalenzuela	Felipe Valenzuela	T	Bnnunez	Benjamin Nuã‘Ez	T
**B24 05-A/B**	jmsilva8	Jose Silva	T	rrfoster	Roberto Foster	T
**B24 05-C/D**	fsvergara	Francisco Vergara	T	PhilipBarr	Philip Barr	T
**B24 05-E/F**	Nebula2028	Patricio Salgado	T	mrafaeli	Milan Rafaeli	T
**B24 05-G/H**	degutierrez1	Diego Gutierrez	T	ceyzaguirre4	Cristobal Eyzaguirre	T
**B24 06-A/B**	fopasten	Felipe Pasten	T	Afalegria	Antonio Alegria	T
**B24 06-C/D**	Nicolaides21	Javiera Gonzalez	T	PaulaSalvo	Paula Salvo	T
**B24 06-E/F**	Marivera3	Maximiliano Rivera	T	qukaah	Fernando Feliu	T
**B24 06-G/H**	cpavez3	Cristobal Pavez	T	rslopez	Rodrigo Lopez	T
**B24 07-A/B**	SebaCardenas	Sebastian Cardenas	T	Patoulloa	Patricio Ulloa	T
**B24 07-C/D**	Kitaps	Patrick Liedtke	T	nivek0o0	Kevin Johnson	T
**B24 07-E/F**	Mhornig	Matias Hornig	T	rfenzo	Romano Fenzo	T
**B24 07-G/H**	ttapia	Tomas Tapia	T	njvillavicencio	Nicolas Villavicencio	
**B24 08-A/B**	cglevican	Constanza Levican	T	jisilvamc	Juan Silva	T
**B24 08-C/D**	fvandeputte	Felipe Vandeputte	T	vigazali	Vicente Gazali	T
**B24 08-E/F**	pmiquelv	Pedro Miquel	T	tcgarrido	Tanya Garrido	T
**B24 08-G/H**	GabrielGarib	Gabriel Garib		NoemiCC	Noemi Crosby	T
**B24 09-A/B**	ceci33	Cecilia Fuentes	T	jorgeriesco	Jorge Riesco	T
**Javier Pinto 01-A/B**	juvaldes	Jose Valdes		gabrielpinkman	Gabriel Vargas	T
**Javier Pinto 01-C/D**	marcelobordoni	Marcelo Bordoni		lefischer	Laura Fischer	T
**Javier Pinto 01-E/F**	mister-robot	Erick Moncada	T	mcorreaiz	Matias Correa	T
**Javier Pinto 02-A/B**	asimonv	Andre Simon	T	Fhmartinez	Francis Martinez	T
**Javier Pinto 02-C/D**	vjbreton	Vicente Breton	T	elliot-anderson	Omar Bravo	T
**Javier Pinto 02-E/F**	vicente01	Vicente Risso	T	fringlesinthestreet	Benjamin Carcamo	T
**Javier Pinto 03-A/B**	NicolasAguirre	Nicolas Aguirre	T	TomasFuenzalida	Jose Fuenzalida	T
**Javier Pinto 03-C/D**	federicobrunner	Federico Brunner	T	regarin	Rafael Garin	T
**Javier Pinto 03-E/F**	rmsolari	Renzo Solari	T	Diiru	Diego Iruretagoyena	T
**Javier Pinto 04-A/B**	figre	Felipe Gre		Mnfriedl	Maximiliano Friedl	T
**Javier Pinto 04-C/D**	fcgfaura	Fernanda Garcia	T	jbsaeza	Joaquin Saez	T
**Javier Pinto 04-E/F**	chapito96	Santiago Torres	T	cafuentes1	Carlos Fuentes	T
**Javier Pinto 05-A/B**	iqacevedo	Ignacio Acevedo	T	jjaguillon	Juan Aguillon	T
**Javier Pinto 05-C/D**	jaluco	Jose Luco	T	jatrijori	Javiera Jorquera	T
**Javier Pinto 05-E/F**	narierao	Nicolas Riera		Pyralspite	Natalia Barra	T
**Javier Pinto 06-A/B**	FranciscoLarach	Francisco Larach	T	lukasquense	Lukas Quense	T
**Javier Pinto 06-C/D**	laurateuber	Laura Teuber	T	Tyrell-Wellick	Luis Ampuero	T
**Javier Pinto 06-E/F**	martinalvarado4	Martin Alvarado	T	fr0k	Francisco Arenas	T
**Javier Pinto 07-A/B**	Sgvonbergen	Sebasthian Von Bergen	T	isidoravs	Isidora Vizcaya	T
**Javier Pinto 07-C/D**	kcsss	Matias Caces	T	jjnestler	Juan Nestler	T
