Puesto	User 1	Nombre 1	Asistencia	User 2	Nombre 2	Asistencia
 **B23 01-A** 	 mrdelanghe 	 Martin Delanghe 	T	  	   	
 **B23 01-B/C** 	 cretos032 	 Eduardo Molina 	T	 swidemann 	 Steffan Widemann 	T
 **B23 01-D/E** 	 sfga 	 Simon Garces 	T	 Amanriquez11 	 Andres Manriquez 	
 **B23 01-F/G** 	 cmgainza 	 Constanza Gainza 	T	 pinavarrete 	 Patricio Navarrete 	T
 **B23 01-H/I** 	 jpflores1 	 Juan Flores 	T	 rolfskog 	 Rolf Skog 	T
 **B23 02-A/B** 	 Deinis210 	 Daniela Risso 	T	 Zekayrus 	 Diego Alvarez 	T
 **B23 02-C/D** 	 glbello 	 Gonzalo Bello 	T	 ndleyton 	 Nicolas Leyton 	T
 **B23 02-G/H** 	 pggodoy 	 Pablo Godoy 	T	 npcariman 	 Nawel Cariman 	T
 **B23 02-I/J** 	 bvfernandez 	 Bernardita Fernandez 	T	 fabraghetto 	 Franco Braghetto 	T
 **B23 03-A/B** 	 martinvidal 	 Martin Vidal 	T	 Fhgajardo 	 Felipe Gajardo 	T
 **B23 03-C/D** 	 FJavierOss 	 Francisco Ossandon 	T	 vacodoceo 	 Verner Codoceo 	T
 **B23 03-G/H** 	 TomasFuentes 	 Tomas Fuentes 	T	 Riarrieta 	 Rodrigo Arrieta 	T
 **B23 03-I/J** 	 dnalfaro 	 Diego Alfaro 	T	 lareyes2 	 Lesly Reyes 	T
 **B23 04-A/B** 	 nrfreudenberg 	 Nicolas Freudenberg 	T	 pasilva11 	 Patricia Silva 	T
 **B23 04-C/D** 	 mraddatz 	 Martin Raddatz 	T	 sguerra2 	 Sebastian Guerra 	T
 **B23 04-G/H** 	 ireyes96 	 Jose Reyes 	T	 HenryBlairG 	 Henry Blair 	T
 **B23 04-I/J** 	 mlbisso 	 Mauro Bisso 	T	 Mahund 	 Michael Hund 	T
 **B23 05-A/B** 	 srvasquez 	 Sebastian Vasquez 	T	 roy350 	 Rodrigo Cortes 	T
 **B23 05-C/D** 	 franciscoalessandri 	 Francisco Alessandri 	T	 Gonzalo-Perez 	 Gonzalo Perez 	T
 **B23 05-G/H** 	 ijlabarca 	 Ignacio Labarca 		 The-Big-Lebowski 	 Javier Rabba 	T
 **B23 05-I/J** 	 Sgwa 	 Sebastian Grez 	T	 cameneses 	 Cesar Meneses 	T
 **B23 06-A/B** 	 PaulinaAraya 	 Paulina Araya 	T	 CrescenteUC 	 Crescente Joglar 	T
 **B23 06-C/D** 	 gebalassa 	 Gabriel Balassa 	T	 fipaniagua 	 Francisco Paniagua 	T
 **B23 06-G/H** 	 smargozzini 	 Sebastian Margozzini 	T	 benjamin22016 	 Benjamin Alvarez 	T
 **B23 06-I/J** 	 fnmendez 	 Franco Mendez 	T	 Genaron 	 Genaro Laymuns 	T
 **B23 07-A/B** 	 sebacruzd 	 Sebastian Cruz 	T	 joseluishaddad 	 Jose Haddad 	T
 **B23 07-C/D** 	 tibrahm 	 Thomas Brahm 	T	 abannura 	 Andres Bannura 	T
 **B23 07-G/H** 	 dagalloso 	 Daniel Galloso 	T	 jmcomber 	 Jose Comber 	T
 **B23 07-I/J** 	 aiquinones 	 Alejandro Quiã‘Ones 	T	 bvantellic 	 Bruno Vantelli 	T
 **B23 08-A/B** 	 vureyes 	 Vicente Reyes 	T	 DiegoAndai 	 Diego Andai 	T
 **B23 08-C/D** 	 ofvera 	 Octavio Vera 	T	 danyestay 	 Daniel Estay 	T
 **B23 08-G/H** 	 jabugmann 	 Joaquin Bugmann 	T	 npinochet 	 Nicolas Pinochet 	T
 **B23 08-I/J** 	 tnmarin 	 Tomas Marin 	T	 rorufuuu 	 Rolf Sommer 	T
 **B23 09-A/B** 	 fernddevidts 	 Fernanda Delgado 	T	 Dalal15 	 Dalal Chahuan 	T
 **B23 09-C/D** 	 Skablop 	 Benjamin Pizarro 	T	 Tomizaky 	 Tomas Verdugo 	T
 **B23 09-G/H** 	 fivargas 	 Felipe Vargas 	T	 tafuenza 	 Tomas Fuenzalida 	T
 **B23 09-I/J** 	 Micostabal 	 Martin Costabal 	T	 difischer 	 Diego Fischer 	T
 **B23 10-A/B** 	 alainrochette 	 Alain Rochette 	T	 Muiturriaga 	 Marcelo Iturriaga 	T
 **B24 01-A** 	 Nebula2028 	 Patricio Salgado 	T	  	   	
 **B24 01-B/C** 	 degutierrez1 	 Diego Gutierrez 	T	 sschwarzenberg 	 Sofia Schwarzenberg 	T
 **B24 01-D/E** 	 rodrigozs 	 Rodrigo Zapata 	T	 rrfoster 	 Roberto Foster 	T
 **B24 01-F/G** 	 fleon23 	 Felipe Leon 	T	 jisilvamc 	 Juan Silva 	T
 **B24 01-H/I** 	 fsvergara 	 Francisco Vergara 	T	 sialvarez 	 Sebastian Alvarez 	T
 **B24 01-J/K** 	 jtvigneaux 	 Jose Vigneaux 	T	 Regenschrim 	 Marcelo Escudero 	T
 **B24 02-A/B** 	 njvillavicencio 	 Nicolas Villavicencio 	T	 Kitaps 	 Patrick Liedtke 	T
 **B24 02-C/D** 	 nissimergas 	 Nissim Ergas 	T	 GabrielGarib 	 Gabriel Garib 	T
 **B24 02-G/H** 	 IgnacioTobar 	 Ignacio Tobar 	T	 rslopez 	 Rodrigo Lopez 	T
 **B24 02-I/J** 	 cpavez3 	 Cristobal Pavez 	T	 lfbesa 	 Luis Besa 	T
 **B24 03-A/B** 	 Marivera3 	 Maximiliano Rivera 	T	 Mhornig 	 Matias Hornig 	T
 **B24 03-C/D** 	 vmcasas 	 Victor Casas 	T	 svrivera 	 Sebastian Rivera 	T
 **B24 03-G/H** 	 Seba-F 	 Sebastian Felbol 	T	 sormazabal 	 Sofia Ormazabal 	T
 **B24 03-I/J** 	 mvial 	 Manuel Vial 	T	 domingo-valdes 	 Domingo Valdes 	T
 **B24 04-A/B** 	 jorgeriesco 	 Jorge Riesco 	T	 rfenzo 	 Romano Fenzo 	T
 **B24 04-C/D** 	 frvalenzuela 	 Felipe Valenzuela 	T	 dfvasquez 	 Daniela Vasquez 	T
 **B24 04-G/H** 	 NoemiCC 	 Noemi Crosby 	T	 nivek0o0 	 Kevin Johnson 	T
 **B24 04-I/J** 	 fvandeputte 	 Felipe Vandeputte 	T	 ceyzaguirre4 	 Cristobal Eyzaguirre 	T
 **B24 05-A/B** 	 hanavarrete 	 Hugo Navarrete 	T	 nicovsj 	 Nicolas Van Sint Jan 	T
 **B24 05-C/D** 	 pmiquelv 	 Pedro Miquel 	T	 ttapia 	 Tomas Tapia 	T
 **B24 05-G/H** 	 jmsilva8 	 Jose Silva 	T	 adisrael 	 Alexander Israel 	T
 **B24 05-I/J** 	 mccastroo 	 Matias Castro 	T	 neberrios 	 Nicolas Berrios 	T
 **B24 06-A/B** 	 Patoulloa 	 Patricio Ulloa 	T	 fopasten 	 Felipe Pasten 	T
 **B24 06-C/D** 	 vigazali 	 Vicente Gazali 	T	 Afalegria 	 Antonio Alegria 	T
 **B24 06-G/H** 	 cjgazali 	 Cristobal Gazali 	T	 cglevican 	 Constanza Levican 	T
 **B24 06-I/J** 	 nborquezg 	 Nicolas Borquez 	T	 CheloRiveros 	 Marcelo Riveros 	T
 **B24 07-A/B** 	 SebaCardenas 	 Sebastian Cardenas 	T	 Snorlax8 	 Cindy Tarud 	T
 **B24 07-C/D** 	 Bnnunez 	 Benjamin Nuã‘Ez 	T	 JaimeGo 	 Jaime Gonzalez 	T
 **B24 07-G/H** 	 ricardor4 	 Ricardo Rodriguez 	T	 PaulaSalvo 	 Paula Salvo 	T
 **B24 07-I/J** 	 PhilipBarr 	 Philip Barr 	T	 kpribbeck 	 Klaus Ribbeck 	T
 **B24 08-A/B** 	 entamburini 	 Enzo Tamburini 	T	 NachoCasta 	 Ignacio Castaã‘Eda 	T
 **Javier Pinto 01-A/B** 	 federicobrunner 	 Federico Brunner 	T	 rmsolari 	 Renzo Solari 	T
 **Javier Pinto 01-C/D** 	 FranciscoLarach 	 Francisco Larach 	T	 figre 	 Felipe Gre 	T
 **Javier Pinto 01-E/F** 	 jjnestler 	 Juan Nestler 	T	 fcgfaura 	 Fernanda Garcia 	T
 **Javier Pinto 02-A/B** 	 lukasquense 	 Lukas Quense 	T	 cafuentes1 	 Carlos Fuentes 	T
 **Javier Pinto 02-C/D** 	 iqacevedo 	 Ignacio Acevedo 	T	 fr0k 	 Francisco Arenas 	T
 **Javier Pinto 02-E/F** 	 kcsss 	 Matias Caces 	T	 jatrijori 	 Javiera Jorquera 	T
 **Javier Pinto 03-A/B** 	 vjbreton 	 Vicente Breton 	T	 TomasFuenzalida 	 Jose Fuenzalida 	T
 **Javier Pinto 03-C/D** 	 marcelobordoni 	 Marcelo Bordoni 	T	 lefischer 	 Laura Fischer 	T
 **Javier Pinto 03-E/F** 	 fringlesinthestreet 	 Benjamin Carcamo 	T	 chapito96 	 Santiago Torres 	T
 **Javier Pinto 04-A/B** 	 NicolasAguirre 	 Nicolas Aguirre 	T	 jjaguillon 	 Juan Aguillon 	T
 **Javier Pinto 04-C/D** 	 Fhmartinez 	 Francis Martinez 	T	 Tyrell-Wellick 	 Luis Ampuero 	T
 **Javier Pinto 04-E/F** 	 asimonv 	 Andre Simon 	T	 juvaldes 	 Jose Valdes 	T
 **Javier Pinto 05-A/B** 	 gabrielpinkman 	 Gabriel Vargas 	T	 laurateuber 	 Laura Teuber 	T
 **Javier Pinto 05-C/D** 	 Sgvonbergen 	 Sebasthian Von Bergen 	T	 martinalvarado4 	 Martin Alvarado 	T
 **Javier Pinto 05-E/F** 	 mister-robot 	 Erick Moncada 	T	 narierao 	 Nicolas Riera 	T
 **Javier Pinto 06-A/B** 	 isidoravs 	 Isidora Vizcaya 	T	 Diiru 	 Diego Iruretagoyena 	T
 **Javier Pinto 06-C/D** 	 jaluco 	 Jose Luco 	T	 elliot-anderson 	 Omar Bravo 	T
 **Javier Pinto 06-E/F** 	 mcorreaiz 	 Matias Correa 	T	 Pyralspite 	 Natalia Barra 	T
 **Javier Pinto 07-A/B** 	 jbsaeza 	 Joaquin Saez 	T	 regarin 	 Rafael Garin 	T
 **Javier Pinto 07-C/D** 	 Mnfriedl 	 Maximiliano Friedl 	T	 vicente01 	 Vicente Risso 	T
