Puesto	User 1	Nombre 1	Asistencia	User 2	Nombre 2	Asistencia
 **B23 01-A**	sfga	Simon Garces	T			
 **B23 01-B/C**	jmcomber	Jose Comber	T	ireyes96	Jose Reyes	T
 **B23 01-D/E**	vureyes	Vicente Reyes	T	rolfskog	Rolf Skog	T
 **B23 01-F/G**	fnmendez	Franco Mendez	T	Deinis210	Daniela Risso	T
 **B23 01-H/I**	tafuenza	Tomas Fuenzalida		abannura	Andres Bannura	T
 **B23 02-A/B**	ofvera	Octavio Vera	T	FJavierOss	Francisco Ossandon	T
 **B23 02-C/D**	jabugmann	Joaquin Bugmann		difischer	Diego Fischer	T
 **B23 02-E/F**	CrescenteUC	Crescente Joglar	T	glbello	Gonzalo Bello	T
 **B23 02-G/H**	franciscoalessandri	Francisco Alessandri	T	martinvidal	Martin Vidal	T
 **B23 03-A/B**	ndleyton	Nicolas Leyton	T	DiegoAndai	Diego Andai	T
 **B23 03-C/D**	jpflores1	Juan Flores	T	benjamin22016	Benjamin Alvarez	T
 **B23 03-E/F**	Fhgajardo	Felipe Gajardo	T	joseluishaddad	Jose Haddad	T
 **B23 03-G/H**	sebacruzd	Sebastian Cruz	T	Genaron	Genaro Laymuns	T
 **B23 04-A/B**	cmgainza	Constanza Gainza	T	fernddevidts	Fernanda Delgado	T
 **B23 04-C/D**	Riarrieta	Rodrigo Arrieta	T	smargozzini	Sebastian Margozzini	T
 **B23 04-E/F**	The-Big-Lebowski	Javier Rabba	T	rorufuuu	Rolf Sommer	
 **B23 04-G/H**	ijlabarca	Ignacio Labarca		fipaniagua	Francisco Paniagua	T
 **B23 05-A/B**	fabraghetto	Franco Braghetto	T	swidemann	Steffan Widemann	T
 **B23 05-C/D**	pinavarrete	Patricio Navarrete	T	Zekayrus	Diego Alvarez	T
 **B23 05-E/F**	mlbisso	Mauro Bisso	T	mraddatz	Martin Raddatz	T
 **B23 05-G/H**	HenryBlairG	Henry Blair	T	alainrochette	Alain Rochette	T
 **B23 06-A/B**	nrfreudenberg	Nicolas Freudenberg	T	pggodoy	Pablo Godoy	
 **B23 06-C/D**	Mahund	Michael Hund	T	Muiturriaga	Marcelo Iturriaga	T
 **B23 06-E/F**	tnmarin	Tomas Marin	T	npcariman	Nawel Cariman	T
 **B23 06-G/H**	Dalal15	Dalal Chahuan	T	TomasFuentes	Tomas Fuentes	T
 **B23 07-A/B**	cretos032	Eduardo Molina		cameneses	Cesar Meneses	T
 **B23 07-C/D**	Micostabal	Martin Costabal	T	Skablop	Benjamin Pizarro	T
 **B23 07-E/F**	danyestay	Daniel Estay	T	PaulinaAraya	Paulina Araya	T
 **B23 07-G/H**	lareyes2	Lesly Reyes	T	tibrahm	Thomas Brahm	T
 **B23 08-A/B**	dagalloso	Daniel Galloso	T	Tomizaky	Tomas Verdugo	T
 **B23 08-C/D**	npinochet	Nicolas Pinochet	T	Gonzalo-Perez	Gonzalo Perez	T
 **B23 08-E/F**	bvantellic	Bruno Vantelli	T	dnalfaro	Diego Alfaro	T
 **B23 08-G/H**	sguerra2	Sebastian Guerra	T	Amanriquez11	Andres Manriquez	
 **B23 09-A/B**	bvfernandez	Bernardita Fernandez		aiquinones	Alejandro Quiã‘Ones	T
 **B23 09-C/D**	pasilva11	Patricia Silva	T	mrdelanghe	Martin Delanghe	T
 **B23 09-E/F**	Sgwa	Sebastian Grez		vacodoceo	Verner Codoceo	T
 **B23 09-G/H**	gebalassa	Gabriel Balassa	T	srvasquez	Sebastian Vasquez	T
 **B23 10-A/B**	fivargas	Felipe Vargas	T	roy350	Rodrigo Cortes	T
 **B24 01-B/C**	Nicolaides21	Javiera Gonzalez	T	SebaCardenas	Sebastian Cardenas	T
 **B24 01-D/E**	Seba-F	Sebastian Felbol	T	njvillavicencio	Nicolas Villavicencio	
 **B24 01-F/G**	rrfoster	Roberto Foster	T	pmiquelv	Pedro Miquel	T
 **B24 01-H/I**	Bnnunez	Benjamin Nuã‘Ez	T	sormazabal	Sofia Ormazabal	T
 **B24 01-J/K**	sschwarzenberg	Sofia Schwarzenberg	T	rodrigozs	Rodrigo Zapata	
 **B24 02-A/B**	rslopez	Rodrigo Lopez	T	NachoCasta	Ignacio Castaã‘Eda	T
 **B24 02-C/D**	Snorlax8	Cindy Tarud	T	entamburini	Enzo Tamburini	T
 **B24 02-E/F**	degutierrez1	Diego Gutierrez	T	svrivera	Sebastian Rivera	T
 **B24 02-G/H**	kpribbeck	Klaus Ribbeck	T	frvalenzuela	Felipe Valenzuela	T
 **B24 03-A/B**	nborquezg	Nicolas Borquez	T	Patoulloa	Patricio Ulloa	T
 **B24 03-C/D**	cjgazali	Cristobal Gazali	T	cglevican	Constanza Levican	T
 **B24 03-E/F**	GabrielGarib	Gabriel Garib		dfvasquez	Daniela Vasquez	T
 **B24 03-G/H**	Regenschrim	Marcelo Escudero	T	ttapia	Tomas Tapia	T
 **B24 04-A/B**	sialvarez	Sebastian Alvarez	T	ricardor4	Ricardo Rodriguez	T
 **B24 04-C/D**	cpavez3	Cristobal Pavez	T	Kitaps	Patrick Liedtke	T
 **B24 04-E/F**	Marivera3	Maximiliano Rivera	T	nicovsj	Nicolas Van Sint Jan	T
 **B24 04-G/H**	jorgeriesco	Jorge Riesco	T	rfenzo	Romano Fenzo	T
 **B24 05-A/B**	Nebula2028	Patricio Salgado	T	ceyzaguirre4	Cristobal Eyzaguirre	T
 **B24 05-C/D**	domingo-valdes	Domingo Valdes	T	IgnacioTobar	Ignacio Tobar	T
 **B24 05-E/F**	Afalegria	Antonio Alegria	T	hanavarrete	Hugo Navarrete	T
 **B24 05-G/H**	ceci33	Cecilia Fuentes	T	neberrios	Nicolas Berrios	T
 **B24 06-A/B**	nivek0o0	Kevin Johnson	T	NoemiCC	Noemi Crosby	T
 **B24 06-C/D**	Mhornig	Matias Hornig	T	fopasten	Felipe Pasten	T
 **B24 06-E/F**	adisrael	Alexander Israel	T	lfbesa	Luis Besa	T
 **B24 06-G/H**	mccastroo	Matias Castro		fvandeputte	Felipe Vandeputte	T
 **B24 07-A/B**	fsvergara	Francisco Vergara	T	qukaah	Fernando Feliu	T
 **B24 07-C/D**	JaimeGo	Jaime Gonzalez	T	PhilipBarr	Philip Barr	T
 **B24 07-E/F**	mrafaeli	Milan Rafaeli	T	jtvigneaux	Jose Vigneaux	T
 **B24 07-G/H**	jmsilva8	Jose Silva	T	PaulaSalvo	Paula Salvo	T
 **B24 08-A/B**	nissimergas	Nissim Ergas	T	jisilvamc	Juan Silva	T
 **B24 08-C/D**	CheloRiveros	Marcelo Riveros		mvial	Manuel Vial	T
 **B24 08-E/F**	fleon23	Felipe Leon	T	vigazali	Vicente Gazali	T
 **B24 08-G**	vmcasas	Victor Casas	T   
 **Javier Pinto 01-A/B**	juvaldes	Jose Valdes		Pyralspite	Natalia Barra	T
 **Javier Pinto 01-C/D**	TomasFuenzalida	Jose Fuenzalida	T	vjbreton	Vicente Breton	T
 **Javier Pinto 01-E/F**	lefischer	Laura Fischer	T	jbsaeza	Joaquin Saez	T
 **Javier Pinto 02-A/B**	mcorreaiz	Matias Correa	T	narierao	Nicolas Riera	T
 **Javier Pinto 02-C/D**	jaluco	Jose Luco		jjnestler	Juan Nestler	T
 **Javier Pinto 02-E/F**	federicobrunner	Federico Brunner	T	rmsolari	Renzo Solari	T
 **Javier Pinto 03-A/B**	regarin	Rafael Garin	T	figre	Felipe Gre	
 **Javier Pinto 03-C/D**	marcelobordoni	Marcelo Bordoni		gabrielpinkman	Gabriel Vargas	T
 **Javier Pinto 03-E/F**	NicolasAguirre	Nicolas Aguirre	T	Mnfriedl	Maximiliano Friedl	T
 **Javier Pinto 04-A/B**	jjaguillon	Juan Aguillon	T	Fhmartinez	Francis Martinez	T
 **Javier Pinto 04-C/D**	lukasquense	Lukas Quense	T	iqacevedo	Ignacio Acevedo	T
 **Javier Pinto 04-E/F**	fringlesinthestreet	Benjamin Carcamo	T	laurateuber	Laura Teuber	T
 **Javier Pinto 05-A/B**	vicente01	Vicente Risso	T	isidoravs	Isidora Vizcaya	T
 **Javier Pinto 05-C/D**	fcgfaura	Fernanda Garcia		FranciscoLarach	Francisco Larach	T
 **Javier Pinto 05-E/F**	Diiru	Diego Iruretagoyena	T	elliot-anderson	Omar Bravo	T
 **Javier Pinto 06-A/B**	asimonv	Andre Simon	T	fr0k	Francisco Arenas	
 **Javier Pinto 06-C/D**	Sgvonbergen	Sebasthian Von Bergen	T	martinalvarado4	Martin Alvarado	T
 **Javier Pinto 06-E/F**	kcsss	Matias Caces	T	cafuentes1	Carlos Fuentes	T
 **Javier Pinto 07-A/B**	Tyrell-Wellick	Luis Ampuero	T	chapito96	Santiago Torres	T
 **Javier Pinto 07-C/D**	jatrijori	Javiera Jorquera	T	mister-robot	Erick Moncada	T
